order_year_month,product_category,total_items,total_revenue,total_freight,avg_item_price
2016-09,furniture_decor,2,72.89,63.34,36.445
2016-09,health_beauty,3,134.97,8.49,44.99
2016-09,telephony,1,59.5,15.56,59.5
2016-10,air_conditioning,10,1707.09,197.82,170.709
2016-10,audio,2,156.99,26.04,78.495
2016-10,auto,12,1833.25,424.31,152.770833333333
2016-10,baby,14,1630.16,188.92,116.44
2016-10,bed_bath_table,8,478.99,127.59,59.87375
2016-10,books_general_interest,1,119.5,25.04,119.5
2016-10,books_technical,1,267.0,32.84,267.0
2016-10,computers_accessories,21,1399.32,340.77,66.6342857142857
2016-10,consoles_games,10,3882.26,207.16,388.226
2016-10,cool_stuff,8,1111.0,216.11,138.875
2016-10,diapers_and_hygiene,1,134.9,16.09,134.9
2016-10,electronics,2,1306.99,40.58,653.495
2016-10,fashio_female_clothing,1,54.9,14.73,54.9
2016-10,fashion_bags_accessories,9,508.3,148.19,56.4777777777778
2016-10,fashion_male_clothing,1,24.9,10.96,24.9
2016-10,fashion_shoes,1,29.99,10.96,29.99
2016-10,fixed_telephony,5,704.88,69.57,140.976
2016-10,food,1,79.9,16.33,79.9
2016-10,furniture_decor,67,5807.89,1244.39,86.6849253731343
2016-10,garden_tools,5,1359.88,105.31,271.976
2016-10,health_beauty,48,4552.51,940.87,94.8439583333333
2016-10,housewares,12,1287.07,255.47,107.255833333333
2016-10,industry_commerce_and_business,4,359.6,73.96,89.9
2016-10,market_place,13,1306.19,272.99,100.476153846154
2016-10,office_furniture,6,1300.88,286.67,216.813333333333
2016-10,perfumery,33,5688.7,535.14,172.384848484848
2016-10,pet_shop,4,689.68,86.18,172.42
2016-10,sports_leisure,19,3333.64,593.47,175.454736842105
2016-10,telephony,10,500.08,133.9,50.008
2016-10,toys,27,4465.09,520.99,165.373703703704
2016-10,unknown,2,65.89,30.03,32.945
2016-10,watches_gifts,5,3360.24,107.8,672.048
2016-12,fashion_bags_accessories,1,10.9,8.72,10.9
2017-01,agro_industry_and_commerce,3,65.97,41.79,21.99
2017-01,air_conditioning,4,663.7,74.66,165.925
2017-01,auto,34,5218.53,625.68,153.486176470588
2017-01,baby,41,6397.87,742.06,156.045609756098
2017-01,bed_bath_table,48,3960.16,857.11,82.5033333333333
2017-01,books_general_interest,2,234.89,36.66,117.445
2017-01,computers,1,2199.99,18.0,2199.99
2017-01,computers_accessories,31,3924.14,453.46,126.585161290323
2017-01,consoles_games,23,5954.2,439.33,258.878260869565
2017-01,construction_tools_construction,1,310.0,25.0,310.0
2017-01,cool_stuff,40,7784.87,945.99,194.62175
2017-01,dvds_blu_ray,2,29.8,18.0,14.9
2017-01,electronics,11,617.0,155.43,56.0909090909091
2017-01,fashio_female_clothing,2,77.3,25.51,38.65
2017-01,fashion_bags_accessories,35,1671.97,464.64,47.7705714285714
2017-01,fashion_male_clothing,1,126.9,32.21,126.9
2017-01,fashion_shoes,1,34.9,14.11,34.9
2017-01,fashion_underwear_beach,2,137.25,33.9,68.625
2017-01,fixed_telephony,22,677.12,292.44,30.7781818181818
2017-01,food,2,42.82,36.0,21.41
2017-01,furniture_bedroom,8,73.2,75.56,9.15
2017-01,furniture_decor,182,13521.31,2940.44,74.2929120879121
2017-01,furniture_living_room,10,1241.9,277.32,124.19
2017-01,garden_tools,58,8152.75,1072.42,140.564655172414
2017-01,health_beauty,85,12561.32,1478.42,147.780235294118
2017-01,home_appliances_2,8,2126.68,141.92,265.835
2017-01,home_comfort_2,2,72.8,22.77,36.4
2017-01,housewares,28,2827.58,442.18,100.985
2017-01,kitchen_dining_laundry_garden_furniture,1,110.0,18.2,110.0
2017-01,luggage_accessories,5,492.5,72.88,98.5
2017-01,market_place,6,447.04,101.18,74.5066666666667
2017-01,music,2,19.8,17.44,9.9
2017-01,musical_instruments,1,339.74,18.0,339.74
2017-01,office_furniture,10,1444.35,373.39,144.435
2017-01,perfumery,34,5112.6,541.41,150.370588235294
2017-01,pet_shop,15,967.12,215.27,64.4746666666667
2017-01,security_and_services,1,183.29,25.77,183.29
2017-01,small_appliances,6,1660.79,127.46,276.798333333333
2017-01,sports_leisure,80,9717.62,1729.65,121.47025
2017-01,stationery,14,1561.99,192.62,111.570714285714
2017-01,telephony,26,2945.86,465.65,113.302307692308
2017-01,toys,43,4814.09,756.29,111.955581395349
2017-01,unknown,13,1702.64,213.09,130.972307692308
2017-01,watches_gifts,11,8086.52,224.31,735.138181818182
2017-02,agro_industry_and_commerce,7,224.84,106.26,32.12
2017-02,air_conditioning,12,3095.3,344.41,257.941666666667
2017-02,audio,5,163.8,84.05,32.76
2017-02,auto,86,13162.4,2033.27,153.051162790698
2017-02,baby,34,3048.48,665.81,89.6611764705882
2017-02,bed_bath_table,165,16282.73,3015.06,98.6832121212121
2017-02,books_general_interest,8,772.71,177.31,96.58875
2017-02,books_imported,1,99.0,15.9,99.0
2017-02,books_technical,1,159.0,23.4,159.0
2017-02,cine_photo,1,59.0,36.24,59.0
2017-02,computers,1,3549.0,53.47,3549.0
2017-02,computers_accessories,106,11972.59,1771.76,112.948962264151
2017-02,consoles_games,18,4294.77,343.19,238.598333333333
2017-02,construction_tools_construction,3,336.79,56.78,112.263333333333
2017-02,construction_tools_safety,1,379.0,17.86,379.0
2017-02,cool_stuff,70,13323.6,1533.45,190.337142857143
2017-02,costruction_tools_garden,2,579.98,44.7,289.99
2017-02,dvds_blu_ray,1,14.9,20.8,14.9
2017-02,electronics,19,1218.85,336.65,64.15
2017-02,fashio_female_clothing,4,457.8,61.97,114.45
2017-02,fashion_bags_accessories,39,2374.11,576.14,60.8746153846154
2017-02,fashion_male_clothing,7,642.85,120.17,91.8357142857143
2017-02,fashion_shoes,3,107.05,50.32,35.6833333333333
2017-02,fashion_underwear_beach,8,396.97,110.86,49.62125
2017-02,fixed_telephony,22,759.23,365.66,34.5104545454545
2017-02,food,9,715.63,214.57,79.5144444444445
2017-02,furniture_bedroom,1,450.0,51.88,450.0
2017-02,furniture_decor,266,20986.1,5276.22,78.8951127819549
2017-02,furniture_living_room,24,3791.63,1049.77,157.984583333333
2017-02,garden_tools,72,13144.61,1600.69,182.564027777778
2017-02,health_beauty,166,22838.79,3291.29,137.583072289157
2017-02,home_appliances,7,740.9,114.5,105.842857142857
2017-02,home_appliances_2,1,15.99,14.12,15.99
2017-02,home_confort,3,414.66,56.61,138.22
2017-02,home_construction,4,695.6,68.97,173.9
2017-02,housewares,81,12659.67,1547.82,156.292222222222
2017-02,industry_commerce_and_business,1,119.0,15.94,119.0
2017-02,kitchen_dining_laundry_garden_furniture,2,139.9,38.43,69.95
2017-02,luggage_accessories,21,1694.18,441.98,80.6752380952381
2017-02,market_place,22,1688.22,434.28,76.7372727272727
2017-02,musical_instruments,9,2221.28,243.97,246.808888888889
2017-02,office_furniture,63,11805.98,2094.02,187.396507936508
2017-02,perfumery,51,8127.18,817.1,159.356470588235
2017-02,pet_shop,40,3729.07,781.81,93.22675
2017-02,small_appliances,28,7251.58,770.67,258.985
2017-02,sports_leisure,156,16372.16,3016.87,104.949743589744
2017-02,stationery,19,2341.4,304.63,123.231578947368
2017-02,tablets_printing_image,8,792.0,148.52,99.0
2017-02,telephony,111,6899.09,1748.25,62.153963963964
2017-02,toys,67,9403.34,1197.95,140.348358208955
2017-02,unknown,58,9034.1,1056.79,155.760344827586
2017-02,watches_gifts,37,11756.21,614.46,317.735405405405
2017-03,agro_industry_and_commerce,2,81.99,28.7,40.995
2017-03,air_conditioning,17,4103.81,286.75,241.400588235294
2017-03,art,5,223.25,97.59,44.65
2017-03,audio,14,1134.77,232.63,81.055
2017-03,auto,87,14482.07,2273.66,166.460574712644
2017-03,baby,44,3724.08,762.25,84.6381818181818
2017-03,bed_bath_table,289,25773.02,4876.99,89.18
2017-03,books_general_interest,25,2648.96,438.6,105.9584
2017-03,books_technical,2,75.0,28.74,37.5
2017-03,computers_accessories,174,28624.6,3249.24,164.509195402299
2017-03,consoles_games,50,10768.84,975.02,215.3768
2017-03,construction_tools_construction,4,773.4,122.02,193.35
2017-03,construction_tools_safety,2,380.0,45.76,190.0
2017-03,cool_stuff,123,21095.21,2294.22,171.505772357724
2017-03,drinks,5,463.87,104.56,92.774
2017-03,dvds_blu_ray,5,1873.7,89.73,374.74
2017-03,electronics,37,3986.0,669.16,107.72972972973
2017-03,fashio_female_clothing,1,19.9,10.96,19.9
2017-03,fashion_bags_accessories,68,4861.16,1032.17,71.4876470588235
2017-03,fashion_male_clothing,9,580.8,140.56,64.5333333333333
2017-03,fashion_shoes,14,1515.0,231.18,108.214285714286
2017-03,fashion_sport,1,39.9,14.11,39.9
2017-03,fashion_underwear_beach,6,394.14,66.48,65.69
2017-03,fixed_telephony,21,1592.35,326.78,75.8261904761905
2017-03,food,24,2667.56,491.43,111.148333333333
2017-03,food_drink,5,110.8,58.09,22.16
2017-03,furniture_decor,328,23477.63,6028.8,71.5781402439024
2017-03,furniture_living_room,24,3324.0,711.67,138.5
2017-03,garden_tools,150,23747.15,3257.17,158.314333333333
2017-03,health_beauty,211,25995.25,3857.62,123.200236966825
2017-03,home_appliances,10,313.3,152.95,31.33
2017-03,home_appliances_2,2,500.9,67.53,250.45
2017-03,home_comfort_2,3,342.88,48.01,114.293333333333
2017-03,home_confort,13,2123.4,257.39,163.338461538462
2017-03,home_construction,10,591.96,126.73,59.196
2017-03,housewares,204,13511.81,3669.04,66.234362745098
2017-03,industry_commerce_and_business,2,238.0,44.03,119.0
2017-03,kitchen_dining_laundry_garden_furniture,3,113.98,55.07,37.9933333333333
2017-03,luggage_accessories,38,5924.01,1454.38,155.895
2017-03,market_place,17,1808.59,267.37,106.387647058824
2017-03,music,1,27.99,14.52,27.99
2017-03,musical_instruments,10,1667.33,220.18,166.733
2017-03,office_furniture,78,11783.51,2679.98,151.070641025641
2017-03,perfumery,106,19808.13,1787.27,186.869150943396
2017-03,pet_shop,45,8369.96,781.73,185.999111111111
2017-03,signaling_and_security,1,75.0,16.23,75.0
2017-03,small_appliances,31,11171.06,857.49,360.356774193548
2017-03,sports_leisure,199,27001.59,4308.01,135.686381909548
2017-03,stationery,56,5902.62,1092.27,105.403928571429
2017-03,tablets_printing_image,5,495.0,92.91,99.0
2017-03,telephony,172,8121.05,2610.91,47.2154069767442
2017-03,toys,103,12429.47,1924.56,120.674466019417
2017-03,unknown,63,6714.17,1076.92,106.574126984127
2017-03,watches_gifts,81,26770.38,1296.17,330.498518518519
2017-04,air_conditioning,16,2582.23,291.34,161.389375
2017-04,art,1,119.9,27.27,119.9
2017-04,audio,11,942.2,161.75,85.6545454545455
2017-04,auto,88,15548.17,2251.76,176.68375
2017-04,baby,51,3980.45,882.4,78.0480392156863
2017-04,bed_bath_table,274,24347.69,4659.67,88.8601824817518
2017-04,books_general_interest,12,923.38,219.41,76.9483333333333
2017-04,books_imported,1,19.99,13.44,19.99
2017-04,books_technical,1,75.0,11.92,75.0
2017-04,christmas_supplies,1,69.0,24.97,69.0
2017-04,cine_photo,2,118.0,48.31,59.0
2017-04,computers_accessories,136,20691.06,2489.4,152.140147058824
2017-04,consoles_games,17,3772.88,299.92,221.934117647059
2017-04,cool_stuff,121,21822.08,2571.25,180.347768595041
2017-04,costruction_tools_garden,8,1490.21,190.36,186.27625
2017-04,costruction_tools_tools,1,729.0,19.27,729.0
2017-04,drinks,7,199.93,129.24,28.5614285714286
2017-04,dvds_blu_ray,2,1434.9,31.44,717.45
2017-04,electronics,48,4822.24,789.25,100.463333333333
2017-04,fashio_female_clothing,1,64.9,22.84,64.9
2017-04,fashion_bags_accessories,50,3219.8,776.93,64.396
2017-04,fashion_male_clothing,7,416.69,87.94,59.5271428571429
2017-04,fashion_shoes,23,1526.5,419.87,66.3695652173913
2017-04,fashion_sport,4,189.78,54.69,47.445
2017-04,fashion_underwear_beach,4,98.79,60.88,24.6975
2017-04,fixed_telephony,11,2998.33,170.44,272.575454545455
2017-04,food,8,491.3,119.85,61.4125
2017-04,food_drink,3,47.9,32.88,15.9666666666667
2017-04,furniture_bedroom,5,858.96,232.32,171.792
2017-04,furniture_decor,203,21690.42,4438.0,106.849359605911
2017-04,furniture_living_room,12,2073.34,452.77,172.778333333333
2017-04,furniture_mattress_and_upholstery,1,109.4,21.4,109.4
2017-04,garden_tools,119,20809.28,2658.79,174.867899159664
2017-04,health_beauty,189,22935.75,3462.24,121.353174603175
2017-04,home_appliances,10,499.4,136.17,49.94
2017-04,home_appliances_2,2,799.8,147.17,399.9
2017-04,home_comfort_2,1,12.9,10.96,12.9
2017-04,home_confort,17,2411.1,301.85,141.829411764706
2017-04,home_construction,5,1602.69,94.25,320.538
2017-04,housewares,183,15028.84,3327.42,82.1248087431694
2017-04,kitchen_dining_laundry_garden_furniture,9,1033.4,248.7,114.822222222222
2017-04,la_cuisine,1,24.0,10.81,24.0
2017-04,luggage_accessories,49,7150.2,1489.54,145.922448979592
2017-04,market_place,20,4090.18,447.85,204.509
2017-04,music,2,59.8,29.04,29.9
2017-04,musical_instruments,16,3818.43,295.84,238.651875
2017-04,office_furniture,58,9411.3,1752.73,162.263793103448
2017-04,perfumery,105,19891.11,1757.87,189.439142857143
2017-04,pet_shop,51,6182.89,943.95,121.233137254902
2017-04,signaling_and_security,3,128.06,55.59,42.6866666666667
2017-04,small_appliances,21,23253.98,855.83,1107.33238095238
2017-04,sports_leisure,218,24864.33,4257.06,114.056559633028
2017-04,stationery,36,4606.34,590.86,127.953888888889
2017-04,tablets_printing_image,11,1112.88,199.35,101.170909090909
2017-04,telephony,145,7245.87,2278.1,49.9715172413793
2017-04,toys,113,13039.43,1944.15,115.393185840708
2017-04,unknown,73,8953.07,1530.18,122.644794520548
2017-04,watches_gifts,97,23487.78,1665.53,242.14206185567
2017-05,agro_industry_and_commerce,4,1579.94,183.8,394.985
2017-05,air_conditioning,8,1016.77,169.92,127.09625
2017-05,art,8,6967.65,398.3,870.95625
2017-05,arts_and_craftmanship,1,21.99,7.67,21.99
2017-05,audio,17,2081.18,252.01,122.422352941176
2017-05,auto,125,18640.03,2991.67,149.12024
2017-05,baby,108,9849.51,1878.31,91.1991666666667
2017-05,bed_bath_table,369,33346.45,6358.69,90.369783197832
2017-05,books_general_interest,20,1841.57,357.6,92.0785
2017-05,books_technical,3,262.0,54.46,87.3333333333333
2017-05,cine_photo,1,59.0,32.71,59.0
2017-05,computers_accessories,320,45634.78,5671.54,142.6086875
2017-05,consoles_games,29,2507.2,440.04,86.4551724137931
2017-05,construction_tools_construction,1,99.99,49.41,99.99
2017-05,cool_stuff,247,33696.47,4821.92,136.422955465587
2017-05,costruction_tools_garden,8,1577.24,229.31,197.155
2017-05,costruction_tools_tools,2,803.9,30.4,401.95
2017-05,drinks,1,90.0,22.95,90.0
2017-05,dvds_blu_ray,4,89.6,61.0,22.4
2017-05,electronics,68,6709.11,1249.64,98.6633823529412
2017-05,fashio_female_clothing,5,422.4,63.23,84.48
2017-05,fashion_bags_accessories,110,7498.67,1669.6,68.1697272727273
2017-05,fashion_childrens_clothes,1,110.0,14.52,110.0
2017-05,fashion_male_clothing,4,608.9,67.31,152.225
2017-05,fashion_shoes,22,1669.54,345.35,75.8881818181818
2017-05,fashion_sport,3,124.84,54.64,41.6133333333333
2017-05,fashion_underwear_beach,7,283.5,85.76,40.5
2017-05,fixed_telephony,10,462.33,145.3,46.233
2017-05,food,3,387.9,64.35,129.3
2017-05,food_drink,17,416.29,214.12,24.4876470588235
2017-05,furniture_bedroom,9,2369.97,288.98,263.33
2017-05,furniture_decor,279,24028.51,5942.7,86.1236917562724
2017-05,furniture_living_room,34,4929.43,1311.34,144.983235294118
2017-05,furniture_mattress_and_upholstery,3,595.89,135.99,198.63
2017-05,garden_tools,141,20693.46,3406.54,146.762127659574
2017-05,health_beauty,290,46786.02,6015.0,161.331103448276
2017-05,home_appliances,28,1912.79,458.24,68.3139285714286
2017-05,home_appliances_2,9,3093.04,360.35,343.671111111111
2017-05,home_confort,37,5293.87,601.3,143.077567567568
2017-05,home_construction,7,1620.5,111.1,231.5
2017-05,housewares,307,21726.48,5319.12,70.7702931596091
2017-05,industry_commerce_and_business,2,519.8,32.42,259.9
2017-05,kitchen_dining_laundry_garden_furniture,9,1304.48,332.73,144.942222222222
2017-05,la_cuisine,1,193.0,39.19,193.0
2017-05,luggage_accessories,70,12539.62,2320.47,179.137428571429
2017-05,market_place,22,2476.98,382.3,112.59
2017-05,musical_instruments,21,10019.43,514.73,477.115714285714
2017-05,office_furniture,56,8403.43,1616.28,150.06125
2017-05,perfumery,145,20119.04,2278.23,138.752
2017-05,pet_shop,73,8151.02,1495.5,111.657808219178
2017-05,signaling_and_security,4,508.85,267.09,127.2125
2017-05,small_appliances,18,5241.44,485.91,291.191111111111
2017-05,sports_leisure,316,36163.5,6213.45,114.441455696203
2017-05,stationery,66,6049.98,1097.65,91.6663636363636
2017-05,tablets_printing_image,7,1514.98,92.04,216.425714285714
2017-05,telephony,224,9264.1,3386.86,41.3575892857143
2017-05,toys,200,22626.95,3464.19,113.13475
2017-05,unknown,97,11091.93,1761.44,114.349793814433
2017-05,watches_gifts,135,37973.9,2403.14,281.288148148148
2017-06,agro_industry_and_commerce,1,1390.0,32.05,1390.0
2017-06,air_conditioning,11,2084.48,204.04,189.498181818182
2017-06,art,10,421.7,210.09,42.17
2017-06,audio,11,1671.0,147.24,151.909090909091
2017-06,auto,112,31370.69,2323.05,280.095446428571
2017-06,baby,78,7864.74,1393.31,100.83
2017-06,bed_bath_table,382,35114.81,6569.7,91.9235863874346
2017-06,books_general_interest,21,1940.08,397.26,92.3847619047619
2017-06,books_imported,2,99.0,30.2,49.5
2017-06,books_technical,2,145.9,42.63,72.95
2017-06,christmas_supplies,3,184.7,61.55,61.5666666666667
2017-06,cine_photo,1,79.0,33.91,79.0
2017-06,computers_accessories,261,37007.08,4614.74,141.789578544061
2017-06,consoles_games,30,5389.02,565.6,179.634
2017-06,construction_tools_construction,8,376.37,98.94,47.04625
2017-06,cool_stuff,201,38244.5,4486.13,190.271144278607
2017-06,costruction_tools_garden,4,434.69,65.71,108.6725
2017-06,drinks,1,49.99,19.21,49.99
2017-06,dvds_blu_ray,4,126.69,73.05,31.6725
2017-06,electronics,42,2100.04,625.0,50.0009523809524
2017-06,fashio_female_clothing,3,154.8,44.5,51.6
2017-06,fashion_bags_accessories,83,6831.03,1303.59,82.3015662650602
2017-06,fashion_childrens_clothes,1,110.0,8.96,110.0
2017-06,fashion_male_clothing,10,569.69,185.13,56.969
2017-06,fashion_shoes,20,1351.2,384.67,67.56
2017-06,fashion_sport,6,495.49,112.0,82.5816666666667
2017-06,fashion_underwear_beach,1,3.9,15.1,3.9
2017-06,fixed_telephony,12,933.67,207.76,77.8058333333333
2017-06,food,1,149.9,21.89,149.9
2017-06,food_drink,2,57.4,25.38,28.7
2017-06,furniture_bedroom,2,308.99,42.69,154.495
2017-06,furniture_decor,233,16943.58,5074.41,72.7192274678112
2017-06,furniture_living_room,15,1713.3,529.61,114.22
2017-06,garden_tools,114,15851.17,2745.78,139.045350877193
2017-06,health_beauty,260,32029.39,5247.09,123.189961538462
2017-06,home_appliances,43,2507.19,636.41,58.3067441860465
2017-06,home_appliances_2,6,1213.87,221.2,202.311666666667
2017-06,home_comfort_2,1,12.9,15.1,12.9
2017-06,home_confort,18,3056.19,296.51,169.788333333333
2017-06,home_construction,8,1992.3,148.88,249.0375
2017-06,housewares,331,23623.71,6234.22,71.3707250755287
2017-06,industry_commerce_and_business,2,276.97,65.2,138.485
2017-06,kitchen_dining_laundry_garden_furniture,4,374.8,167.79,93.7
2017-06,luggage_accessories,61,8232.09,2061.95,134.952295081967
2017-06,market_place,16,1258.95,232.91,78.684375
2017-06,music,4,1066.9,74.22,266.725
2017-06,musical_instruments,20,4993.05,522.27,249.6525
2017-06,office_furniture,50,7279.13,1816.67,145.5826
2017-06,perfumery,154,24438.1,2500.48,158.688961038961
2017-06,pet_shop,64,5243.57,1201.46,81.93078125
2017-06,signaling_and_security,2,273.9,71.5,136.95
2017-06,small_appliances,23,9698.81,643.47,421.687391304348
2017-06,small_appliances_home_oven_and_coffee,1,71.9,16.75,71.9
2017-06,sports_leisure,277,32898.33,6145.59,118.766534296029
2017-06,stationery,38,3493.57,682.48,91.9360526315789
2017-06,tablets_printing_image,6,594.0,85.17,99.0
2017-06,telephony,160,6757.62,2419.78,42.235125
2017-06,toys,158,15476.35,2761.76,97.951582278481
2017-06,unknown,64,5657.78,990.79,88.4028125
2017-06,watches_gifts,124,28948.63,1969.91,233.456693548387
2017-07,agro_industry_and_commerce,1,1180.0,19.47,1180.0
2017-07,air_conditioning,5,1396.1,97.03,279.22
2017-07,art,3,386.75,38.15,128.916666666667
2017-07,arts_and_craftmanship,1,129.9,15.66,129.9
2017-07,audio,7,771.69,111.54,110.241428571429
2017-07,auto,117,14119.74,2371.08,120.681538461538
2017-07,baby,129,15941.11,2561.38,123.574496124031
2017-07,bed_bath_table,579,63888.75,10741.09,110.343264248705
2017-07,books_general_interest,13,1292.4,252.88,99.4153846153846
2017-07,books_technical,2,528.0,52.88,264.0
2017-07,cds_dvds_musicals,5,225.0,74.38,45.0
2017-07,christmas_supplies,2,65.09,32.96,32.545
2017-07,computers_accessories,326,38709.0,5890.21,118.739263803681
2017-07,consoles_games,48,5680.16,873.42,118.336666666667
2017-07,construction_tools_construction,6,549.44,273.53,91.5733333333333
2017-07,construction_tools_lights,1,360.0,41.45,360.0
2017-07,cool_stuff,230,37506.76,4821.84,163.072869565217
2017-07,costruction_tools_garden,8,347.58,125.79,43.4475
2017-07,drinks,3,273.97,74.11,91.3233333333333
2017-07,dvds_blu_ray,4,749.7,81.29,187.425
2017-07,electronics,97,7346.84,1756.97,75.740618556701
2017-07,fashio_female_clothing,4,310.7,53.7,77.675
2017-07,fashion_bags_accessories,88,5193.1,1274.45,59.0125
2017-07,fashion_male_clothing,9,719.99,140.34,79.9988888888889
2017-07,fashion_shoes,20,1423.01,337.69,71.1505
2017-07,fashion_sport,1,69.9,7.78,69.9
2017-07,fashion_underwear_beach,3,274.8,39.68,91.6
2017-07,fixed_telephony,9,218.73,129.54,24.3033333333333
2017-07,food,7,584.16,170.03,83.4514285714286
2017-07,food_drink,8,168.2,93.48,21.025
2017-07,furniture_bedroom,5,1206.99,389.64,241.398
2017-07,furniture_decor,320,24751.92,5878.94,77.34975
2017-07,furniture_living_room,31,4395.12,980.74,141.778064516129
2017-07,furniture_mattress_and_upholstery,1,109.4,69.13,109.4
2017-07,garden_tools,190,20067.05,4184.52,105.616052631579
2017-07,health_beauty,316,34896.86,5522.9,110.433101265823
2017-07,home_appliances,37,3671.99,664.19,99.242972972973
2017-07,home_appliances_2,7,1033.99,272.89,147.712857142857
2017-07,home_comfort_2,1,12.9,15.1,12.9
2017-07,home_confort,43,4563.85,837.58,106.136046511628
2017-07,home_construction,2,93.6,30.2,46.8
2017-07,housewares,276,20874.3,4721.86,75.6315217391304
2017-07,industry_commerce_and_business,2,245.96,106.29,122.98
2017-07,kitchen_dining_laundry_garden_furniture,11,1316.5,341.06,119.681818181818
2017-07,la_cuisine,4,469.99,89.24,117.4975
2017-07,luggage_accessories,74,8357.61,1947.4,112.940675675676
2017-07,market_place,13,1573.38,226.57,121.029230769231
2017-07,music,1,329.0,21.54,329.0
2017-07,musical_instruments,32,8411.59,812.33,262.8621875
2017-07,office_furniture,115,16892.61,4374.52,146.892260869565
2017-07,party_supplies,1,69.9,13.51,69.9
2017-07,perfumery,126,12910.02,1865.51,102.460476190476
2017-07,pet_shop,86,6605.87,1713.11,76.8124418604651
2017-07,signaling_and_security,6,530.19,154.6,88.365
2017-07,small_appliances,34,4621.36,764.79,135.922352941176
2017-07,sports_leisure,387,38813.41,7510.65,100.293049095607
2017-07,stationery,80,7091.75,1357.29,88.646875
2017-07,tablets_printing_image,2,198.0,21.63,99.0
2017-07,telephony,144,9064.86,2139.97,62.9504166666667
2017-07,toys,207,24511.72,3668.14,118.414106280193
2017-07,unknown,61,3124.66,909.3,51.2239344262295
2017-07,watches_gifts,168,36804.56,2781.2,219.074761904762
2017-08,agro_industry_and_commerce,4,88.0,136.6,22.0
2017-08,air_conditioning,15,4271.73,291.76,284.782
2017-08,art,4,244.7,72.36,61.175
2017-08,audio,7,1050.7,95.74,150.1
2017-08,auto,166,20421.11,3460.43,123.018734939759
2017-08,baby,132,19982.13,3166.4,151.379772727273
2017-08,bed_bath_table,512,57137.23,9159.79,111.59615234375
2017-08,books_general_interest,29,3214.8,499.98,110.855172413793
2017-08,books_imported,1,61.0,9.34,61.0
2017-08,books_technical,9,1196.38,128.6,132.931111111111
2017-08,cds_dvds_musicals,3,135.0,42.16,45.0
2017-08,christmas_supplies,1,58.9,17.98,58.9
2017-08,computers,29,33700.0,1126.0,1162.06896551724
2017-08,computers_accessories,350,35025.72,5920.56,100.073485714286
2017-08,consoles_games,90,8824.25,1578.04,98.0472222222222
2017-08,construction_tools_construction,7,1180.0,214.33,168.571428571429
2017-08,construction_tools_lights,2,589.0,81.98,294.5
2017-08,construction_tools_safety,1,8.9,15.79,8.9
2017-08,cool_stuff,264,41720.03,5772.41,158.030416666667
2017-08,costruction_tools_garden,10,1286.19,196.81,128.619
2017-08,drinks,2,119.9,28.87,59.95
2017-08,dvds_blu_ray,6,113.4,118.43,18.9
2017-08,electronics,56,2854.15,911.71,50.9669642857143
2017-08,fashio_female_clothing,4,188.7,46.95,47.175
2017-08,fashion_bags_accessories,99,6617.68,1424.21,66.8452525252525
2017-08,fashion_childrens_clothes,1,49.9,16.79,49.9
2017-08,fashion_male_clothing,15,1205.05,239.27,80.3366666666667
2017-08,fashion_shoes,22,1491.69,364.68,67.8040909090909
2017-08,fashion_sport,2,265.8,123.64,132.9
2017-08,fashion_underwear_beach,13,1111.0,197.87,85.4615384615385
2017-08,fixed_telephony,20,3343.54,296.77,167.177
2017-08,food,8,364.5,135.73,45.5625
2017-08,food_drink,15,494.81,234.14,32.9873333333333
2017-08,furniture_bedroom,3,618.0,84.36,206.0
2017-08,furniture_decor,436,35511.73,8832.79,81.4489220183486
2017-08,furniture_living_room,23,2478.07,679.99,107.742173913043
2017-08,furniture_mattress_and_upholstery,2,509.39,124.27,254.695
2017-08,garden_tools,238,24269.4,4795.41,101.972268907563
2017-08,health_beauty,360,49873.9,6395.16,138.538611111111
2017-08,home_appliances,49,4587.05,961.73,93.6132653061225
2017-08,home_appliances_2,17,4004.55,793.93,235.561764705882
2017-08,home_comfort_2,3,38.7,31.21,12.9
2017-08,home_confort,28,4000.19,535.93,142.863928571429
2017-08,home_construction,1,124.8,16.63,124.8
2017-08,housewares,288,23733.94,5312.84,82.4095138888889
2017-08,industry_commerce_and_business,3,956.9,87.05,318.966666666667
2017-08,kitchen_dining_laundry_garden_furniture,7,1006.2,225.09,143.742857142857
2017-08,la_cuisine,2,313.0,60.52,156.5
2017-08,luggage_accessories,63,6833.1,1677.67,108.461904761905
2017-08,market_place,23,1937.39,423.54,84.2343478260869
2017-08,musical_instruments,27,7185.55,644.77,266.131481481482
2017-08,office_furniture,58,9877.36,2511.68,170.299310344828
2017-08,perfumery,128,13142.09,1908.27,102.672578125
2017-08,pet_shop,90,10500.79,1721.82,116.675444444444
2017-08,signaling_and_security,4,377.8,65.67,94.45
2017-08,small_appliances,36,4297.01,541.17,119.361388888889
2017-08,small_appliances_home_oven_and_coffee,2,109.06,24.8,54.53
2017-08,sports_leisure,425,41732.26,7849.11,98.1935529411765
2017-08,stationery,80,6366.91,1518.59,79.586375
2017-08,tablets_printing_image,6,450.89,106.93,75.1483333333333
2017-08,telephony,136,10930.29,2294.34,80.3697794117647
2017-08,toys,184,18126.87,3174.57,98.5155978260869
2017-08,unknown,77,5243.4,1281.46,68.0961038961039
2017-08,watches_gifts,212,36419.2,3425.5,171.788679245283
2017-09,agro_industry_and_commerce,4,1993.99,125.7,498.4975
2017-09,air_conditioning,8,1731.05,169.28,216.38125
2017-09,art,3,388.54,47.31,129.513333333333
2017-09,audio,10,1042.59,149.2,104.259
2017-09,auto,108,14544.67,2386.79,134.67287037037
2017-09,baby,174,24366.3,3830.7,140.036206896552
2017-09,bed_bath_table,533,52473.2,9704.0,98.4487804878049
2017-09,books_general_interest,15,965.14,234.45,64.3426666666667
2017-09,books_imported,4,290.0,37.56,72.5
2017-09,books_technical,8,1001.35,135.56,125.16875
2017-09,christmas_supplies,4,254.7,63.58,63.675
2017-09,cine_photo,1,69.0,33.84,69.0
2017-09,computers,41,52878.88,1752.68,1289.7287804878
2017-09,computers_accessories,253,28930.98,5050.38,114.351699604743
2017-09,consoles_games,66,8910.37,1110.95,135.005606060606
2017-09,construction_tools_construction,11,1289.2,197.84,117.2
2017-09,construction_tools_lights,1,229.0,29.98,229.0
2017-09,construction_tools_safety,5,1124.54,77.75,224.908
2017-09,cool_stuff,207,38210.34,5019.13,184.591014492754
2017-09,costruction_tools_garden,6,297.5,103.97,49.5833333333333
2017-09,costruction_tools_tools,3,916.89,59.19,305.63
2017-09,drinks,8,327.97,100.51,40.99625
2017-09,dvds_blu_ray,2,39.8,51.26,19.9
2017-09,electronics,67,4338.96,1218.39,64.7605970149254
2017-09,fashio_female_clothing,4,355.7,74.61,88.925
2017-09,fashion_bags_accessories,124,11948.22,2013.85,96.3566129032258
2017-09,fashion_childrens_clothes,1,89.99,17.07,89.99
2017-09,fashion_male_clothing,16,1177.5,210.69,73.59375
2017-09,fashion_shoes,14,1179.6,264.1,84.2571428571429
2017-09,fashion_sport,5,384.6,116.22,76.92
2017-09,fashion_underwear_beach,18,1789.7,266.52,99.4277777777778
2017-09,fixed_telephony,13,13692.91,297.28,1053.30076923077
2017-09,food,17,992.92,246.28,58.4070588235294
2017-09,food_drink,9,310.86,133.92,34.54
2017-09,furniture_bedroom,4,709.6,214.38,177.4
2017-09,furniture_decor,348,30838.69,7516.43,88.6169252873563
2017-09,furniture_living_room,11,1275.87,286.96,115.988181818182
2017-09,furniture_mattress_and_upholstery,1,86.5,47.32,86.5
2017-09,garden_tools,225,22507.23,4852.6,100.032133333333
2017-09,health_beauty,380,51537.65,7564.03,135.625394736842
2017-09,home_appliances,10,1820.19,377.09,182.019
2017-09,home_appliances_2,6,1627.8,300.82,271.3
2017-09,home_comfort_2,1,12.9,16.79,12.9
2017-09,home_confort,33,4592.34,681.02,139.161818181818
2017-09,home_construction,11,1357.81,401.55,123.437272727273
2017-09,housewares,255,20313.26,4808.23,79.6598431372549
2017-09,industry_commerce_and_business,2,219.98,31.73,109.99
2017-09,kitchen_dining_laundry_garden_furniture,5,464.09,138.57,92.818
2017-09,luggage_accessories,42,3885.38,974.31,92.5090476190476
2017-09,market_place,11,1147.21,202.41,104.291818181818
2017-09,musical_instruments,28,9034.97,674.58,322.6775
2017-09,office_furniture,61,9208.65,2313.79,150.961475409836
2017-09,party_supplies,2,269.8,33.4,134.9
2017-09,perfumery,160,14744.87,2319.18,92.1554375
2017-09,pet_shop,71,8534.92,1340.24,120.21014084507
2017-09,security_and_services,1,100.0,15.45,100.0
2017-09,signaling_and_security,9,438.4,98.15,48.7111111111111
2017-09,small_appliances,33,10965.63,940.69,332.291818181818
2017-09,small_appliances_home_oven_and_coffee,1,640.99,32.48,640.99
2017-09,sports_leisure,461,50167.48,8797.67,108.8231670282
2017-09,stationery,77,6130.41,1382.24,79.6157142857143
2017-09,tablets_printing_image,3,233.9,45.98,77.9666666666667
2017-09,telephony,177,18559.25,2978.71,104.854519774011
2017-09,toys,297,31399.22,5657.61,105.721279461279
2017-09,unknown,74,5904.14,1309.44,79.7856756756757
2017-09,watches_gifts,268,47135.6,4312.83,175.879104477612
2017-10,agro_industry_and_commerce,5,3350.28,208.15,670.056
2017-10,air_conditioning,12,2562.42,307.48,213.535
2017-10,art,3,349.05,51.4,116.35
2017-10,audio,32,2348.48,380.25,73.39
2017-10,auto,150,21505.28,3442.67,143.368533333333
2017-10,baby,138,16497.5,3128.23,119.547101449275
2017-10,bed_bath_table,545,46198.0,9250.85,84.7669724770642
2017-10,books_general_interest,11,734.5,195.37,66.7727272727273
2017-10,books_technical,6,880.0,108.25,146.666666666667
2017-10,cds_dvds_musicals,1,45.0,16.11,45.0
2017-10,christmas_supplies,12,388.05,143.19,32.3375
2017-10,cine_photo,1,69.0,38.0,69.0
2017-10,computers,27,40393.92,1290.02,1496.07111111111
2017-10,computers_accessories,322,44022.09,6369.37,136.714565217391
2017-10,consoles_games,109,10608.87,1688.18,97.3290825688074
2017-10,construction_tools_construction,19,2576.18,448.65,135.588421052632
2017-10,construction_tools_lights,2,500.0,151.1,250.0
2017-10,construction_tools_safety,12,1668.85,249.7,139.070833333333
2017-10,cool_stuff,258,44910.01,6266.93,174.06980620155
2017-10,costruction_tools_garden,9,746.9,141.26,82.9888888888889
2017-10,costruction_tools_tools,5,1018.6,101.36,203.72
2017-10,drinks,12,596.98,155.74,49.7483333333333
2017-10,dvds_blu_ray,5,194.5,120.13,38.9
2017-10,electronics,63,3454.32,1108.84,54.8304761904762
2017-10,fashion_bags_accessories,110,7906.06,1641.52,71.8732727272727
2017-10,fashion_childrens_clothes,1,39.99,14.1,39.99
2017-10,fashion_male_clothing,11,1041.8,159.57,94.7090909090909
2017-10,fashion_shoes,18,1860.92,333.66,103.384444444444
2017-10,fashion_sport,1,59.9,8.72,59.9
2017-10,fashion_underwear_beach,3,187.8,35.15,62.6
2017-10,fixed_telephony,7,3751.88,154.15,535.982857142857
2017-10,food,17,806.06,216.36,47.4152941176471
2017-10,food_drink,17,2297.23,357.76,135.131176470588
2017-10,furniture_bedroom,4,1193.9,217.95,298.475
2017-10,furniture_decor,379,30227.51,7506.95,79.755963060686
2017-10,furniture_living_room,19,1532.79,476.19,80.6731578947368
2017-10,garden_tools,281,25978.74,6548.14,92.4510320284698
2017-10,health_beauty,361,41915.72,6997.72,116.110027700831
2017-10,home_appliances,8,1951.08,282.2,243.885
2017-10,home_appliances_2,10,2803.17,385.65,280.317
2017-10,home_comfort_2,5,64.5,75.5,12.9
2017-10,home_confort,27,3619.8,452.85,134.066666666667
2017-10,home_construction,18,4201.17,551.04,233.398333333333
2017-10,housewares,235,15996.63,4266.6,68.0707659574468
2017-10,industry_commerce_and_business,5,2256.69,211.49,451.338
2017-10,kitchen_dining_laundry_garden_furniture,16,3428.6,866.81,214.2875
2017-10,la_cuisine,1,137.0,23.83,137.0
2017-10,luggage_accessories,56,6240.34,1477.02,111.434642857143
2017-10,market_place,11,1019.54,158.58,92.6854545454545
2017-10,music,1,54.9,15.13,54.9
2017-10,musical_instruments,27,6859.16,578.65,254.042962962963
2017-10,office_furniture,102,17890.83,4035.4,175.400294117647
2017-10,party_supplies,2,137.8,26.07,68.9
2017-10,perfumery,189,16984.62,3186.54,89.8657142857143
2017-10,pet_shop,76,8243.58,1380.4,108.468157894737
2017-10,signaling_and_security,10,744.0,163.7,74.4
2017-10,small_appliances,32,6464.85,659.79,202.0265625
2017-10,sports_leisure,471,49751.45,8366.71,105.62940552017
2017-10,stationery,101,8607.86,1966.85,85.2263366336634
2017-10,tablets_printing_image,1,99.0,12.19,99.0
2017-10,telephony,253,22850.76,3961.63,90.319209486166
2017-10,toys,290,34633.01,5081.29,119.424172413793
2017-10,unknown,73,18800.48,1904.42,257.540821917808
2017-10,watches_gifts,314,65959.53,4973.43,210.062197452229
2017-11,agro_industry_and_commerce,19,13932.49,677.83,733.288947368421
2017-11,air_conditioning,19,4076.62,436.94,214.558947368421
2017-11,art,1,75.0,17.78,75.0
2017-11,audio,36,3677.23,517.91,102.145277777778
2017-11,auto,263,34955.38,5665.05,132.910190114068
2017-11,baby,203,21738.78,4082.1,107.087586206897
2017-11,bed_bath_table,975,89412.54,17256.65,91.7051692307692
2017-11,books_general_interest,38,2664.96,570.09,70.1305263157895
2017-11,books_imported,4,324.0,48.5,81.0
2017-11,books_technical,6,768.9,94.92,128.15
2017-11,cds_dvds_musicals,3,195.0,29.82,65.0
2017-11,christmas_supplies,24,1340.58,451.4,55.8575
2017-11,cine_photo,1,242.0,17.94,242.0
2017-11,computers,7,9768.0,292.4,1395.42857142857
2017-11,computers_accessories,532,72656.0,10593.82,136.571428571429
2017-11,consoles_games,134,12608.88,2193.71,94.0961194029851
2017-11,construction_tools_construction,47,6993.56,1602.73,148.79914893617
2017-11,construction_tools_lights,10,2199.48,407.51,219.948
2017-11,construction_tools_safety,15,3318.59,242.12,221.239333333333
2017-11,cool_stuff,302,56295.24,6670.88,186.408079470199
2017-11,costruction_tools_garden,17,1218.5,360.15,71.6764705882353
2017-11,costruction_tools_tools,5,269.5,80.04,53.9
2017-11,drinks,19,748.61,255.07,39.4005263157895
2017-11,dvds_blu_ray,3,79.79,65.88,26.5966666666667
2017-11,electronics,184,10026.14,2921.58,54.4898913043478
2017-11,fashio_female_clothing,3,79.88,36.04,26.6266666666667
2017-11,fashion_bags_accessories,200,13414.89,2764.76,67.07445
2017-11,fashion_male_clothing,12,929.99,168.47,77.4991666666667
2017-11,fashion_shoes,20,1777.7,334.07,88.885
2017-11,fashion_sport,1,59.9,7.78,59.9
2017-11,fashion_underwear_beach,10,1221.6,170.26,122.16
2017-11,fixed_telephony,5,943.98,92.5,188.796
2017-11,flowers,6,187.8,81.49,31.3
2017-11,food,17,556.95,214.33,32.7617647058824
2017-11,food_drink,33,2445.57,585.78,74.1081818181818
2017-11,furniture_bedroom,3,873.0,177.46,291.0
2017-11,furniture_decor,783,63223.97,14858.95,80.7458109833972
2017-11,furniture_living_room,39,6212.95,1444.95,159.30641025641
2017-11,furniture_mattress_and_upholstery,2,334.0,78.81,167.0
2017-11,garden_tools,550,45972.18,12227.92,83.5857818181818
2017-11,health_beauty,584,79120.4,10512.69,135.480136986301
2017-11,home_appliances,25,4515.94,554.04,180.6376
2017-11,home_appliances_2,13,4854.93,573.57,373.456153846154
2017-11,home_comfort_2,3,38.7,42.05,12.9
2017-11,home_confort,45,5355.39,889.74,119.008666666667
2017-11,home_construction,38,4936.72,789.82,129.913684210526
2017-11,housewares,423,34855.32,8545.09,82.4002836879433
2017-11,industry_commerce_and_business,7,2074.77,275.81,296.395714285714
2017-11,kitchen_dining_laundry_garden_furniture,33,5007.39,1379.74,151.739090909091
2017-11,la_cuisine,1,137.0,0.11,137.0
2017-11,luggage_accessories,72,8538.95,2257.09,118.596527777778
2017-11,market_place,16,1355.98,326.63,84.74875
2017-11,musical_instruments,49,16509.9,1385.72,336.936734693878
2017-11,office_furniture,102,18048.2,4816.28,176.943137254902
2017-11,party_supplies,4,870.69,63.65,217.6725
2017-11,perfumery,311,31831.81,4886.38,102.35308681672
2017-11,pet_shop,99,11325.68,2108.83,114.400808080808
2017-11,signaling_and_security,5,596.79,196.0,119.358
2017-11,small_appliances,31,7826.82,768.39,252.478064516129
2017-11,sports_leisure,612,64874.05,10736.15,106.003349673203
2017-11,stationery,166,16699.09,3440.47,100.596927710843
2017-11,tablets_printing_image,6,350.4,91.99,58.4
2017-11,telephony,383,26564.88,5851.08,69.36
2017-11,toys,495,64320.89,9499.25,129.941191919192
2017-11,unknown,122,14115.98,2137.21,115.704754098361
2017-11,watches_gifts,469,97724.57,7948.23,208.367953091684
2017-12,agro_industry_and_commerce,11,5291.7,372.34,481.063636363636
2017-12,air_conditioning,3,668.8,53.54,222.933333333333
2017-12,art,3,115.25,48.14,38.4166666666667
2017-12,audio,17,2686.93,254.19,158.054705882353
2017-12,auto,268,39287.64,5835.37,146.595671641791
2017-12,baby,143,19943.08,2819.38,139.462097902098
2017-12,bed_bath_table,552,50505.85,9390.41,91.4961050724638
2017-12,books_general_interest,42,2397.1,644.96,57.0738095238095
2017-12,books_imported,3,231.0,40.06,77.0
2017-12,books_technical,4,670.69,65.27,167.6725
2017-12,cds_dvds_musicals,1,65.0,9.94,65.0
2017-12,christmas_supplies,16,493.9,301.07,30.86875
2017-12,computers,23,16741.0,1175.27,727.869565217391
2017-12,computers_accessories,287,37880.65,5608.1,131.988327526132
2017-12,consoles_games,93,9075.01,1334.47,97.580752688172
2017-12,construction_tools_construction,27,5830.35,736.15,215.938888888889
2017-12,construction_tools_lights,2,176.0,30.46,88.0
2017-12,construction_tools_safety,7,1384.92,140.54,197.845714285714
2017-12,cool_stuff,252,39011.54,5267.99,154.807698412698
2017-12,costruction_tools_garden,6,928.9,168.85,154.816666666667
2017-12,costruction_tools_tools,6,349.4,108.42,58.2333333333333
2017-12,diapers_and_hygiene,2,76.0,23.7,38.0
2017-12,drinks,34,2132.84,441.57,62.7305882352941
2017-12,dvds_blu_ray,1,119.9,15.59,119.9
2017-12,electronics,210,8537.51,3458.26,40.6548095238095
2017-12,fashion_bags_accessories,135,10028.46,1999.14,74.2848888888889
2017-12,fashion_male_clothing,4,450.89,81.25,112.7225
2017-12,fashion_shoes,13,1099.0,206.46,84.5384615384615
2017-12,fashion_sport,1,59.9,16.86,59.9
2017-12,fashion_underwear_beach,13,1173.1,186.52,90.2384615384615
2017-12,fixed_telephony,5,998.77,97.04,199.754
2017-12,flowers,2,82.7,30.28,41.35
2017-12,food,14,978.19,189.75,69.8707142857143
2017-12,food_drink,22,1098.68,386.18,49.94
2017-12,furniture_bedroom,1,185.0,45.75,185.0
2017-12,furniture_decor,390,32011.75,7349.4,82.0814102564103
2017-12,furniture_living_room,20,2316.01,624.87,115.8005
2017-12,furniture_mattress_and_upholstery,8,803.7,284.7,100.4625
2017-12,garden_tools,325,27689.69,7453.01,85.1990461538462
2017-12,health_beauty,466,61264.66,8320.24,131.469227467811
2017-12,home_appliances,16,1331.0,341.84,83.1875
2017-12,home_appliances_2,8,1990.16,282.29,248.77
2017-12,home_confort,14,2257.8,287.09,161.271428571429
2017-12,home_construction,39,6735.3,1270.97,172.7
2017-12,housewares,295,25921.95,6010.36,87.8710169491525
2017-12,industry_commerce_and_business,9,1828.5,181.36,203.166666666667
2017-12,kitchen_dining_laundry_garden_furniture,20,4277.3,987.72,213.865
2017-12,luggage_accessories,47,6248.21,1189.68,132.940638297872
2017-12,market_place,14,703.25,181.01,50.2321428571429
2017-12,musical_instruments,42,10823.5,866.09,257.702380952381
2017-12,office_furniture,49,6964.36,1804.92,142.129795918367
2017-12,party_supplies,2,515.2,34.72,257.6
2017-12,perfumery,241,27864.43,3730.09,115.620041493776
2017-12,pet_shop,74,7227.23,1530.03,97.6652702702703
2017-12,signaling_and_security,2,770.0,72.44,385.0
2017-12,small_appliances,29,8913.77,675.89,307.371379310345
2017-12,sports_leisure,493,59792.66,9650.27,121.283286004057
2017-12,stationery,251,25731.0,4788.99,102.513944223108
2017-12,tablets_printing_image,6,419.4,55.62,69.9
2017-12,telephony,267,13611.01,3772.23,50.9775655430712
2017-12,toys,445,57194.14,8647.16,128.526157303371
2017-12,unknown,146,16224.92,1979.19,111.129589041096
2017-12,watches_gifts,367,71727.62,5677.61,195.44310626703
2018-01,agro_industry_and_commerce,18,5853.44,443.07,325.191111111111
2018-01,air_conditioning,29,4674.74,502.78,161.197931034483
2018-01,art,19,2540.77,323.44,133.724736842105
2018-01,audio,26,3820.28,413.11,146.933846153846
2018-01,auto,268,35995.02,5301.51,134.309776119403
2018-01,baby,223,30058.47,4760.59,134.79134529148
2018-01,bed_bath_table,848,76377.79,14449.4,90.0681485849057
2018-01,books_general_interest,45,2180.15,645.22,48.4477777777778
2018-01,books_imported,6,583.0,65.67,97.1666666666667
2018-01,books_technical,17,1176.55,242.28,69.2088235294118
2018-01,christmas_supplies,10,851.5,252.96,85.15
2018-01,cine_photo,2,199.98,23.8,99.99
2018-01,computers,12,7450.0,850.98,620.833333333333
2018-01,computers_accessories,707,83257.45,12970.78,117.761598302687
2018-01,consoles_games,54,8200.98,881.51,151.87
2018-01,construction_tools_construction,48,9664.18,1089.14,201.337083333333
2018-01,construction_tools_lights,7,2392.99,161.78,341.855714285714
2018-01,construction_tools_safety,11,2228.89,195.87,202.626363636364
2018-01,cool_stuff,300,39739.7,6026.82,132.465666666667
2018-01,costruction_tools_garden,24,3927.98,577.76,163.665833333333
2018-01,costruction_tools_tools,8,532.3,162.83,66.5375
2018-01,diapers_and_hygiene,5,125.0,63.45,25.0
2018-01,drinks,52,2307.61,755.98,44.3771153846154
2018-01,dvds_blu_ray,2,49.8,46.78,24.9
2018-01,electronics,351,15996.68,5657.87,45.5745868945869
2018-01,fashio_female_clothing,3,161.79,34.69,53.93
2018-01,fashion_bags_accessories,125,7931.72,1917.33,63.45376
2018-01,fashion_male_clothing,6,550.6,111.57,91.7666666666667
2018-01,fashion_shoes,9,666.7,155.61,74.0777777777778
2018-01,fashion_sport,2,119.8,25.54,59.9
2018-01,fashion_underwear_beach,8,754.5,122.52,94.3125
2018-01,fixed_telephony,10,2444.1,189.45,244.41
2018-01,flowers,10,284.6,153.66,28.46
2018-01,food,20,868.41,264.66,43.4205
2018-01,food_drink,11,341.17,188.05,31.0154545454545
2018-01,furniture_bedroom,5,914.8,150.24,182.96
2018-01,furniture_decor,612,55438.18,12206.08,90.5852614379085
2018-01,furniture_living_room,22,2308.1,553.85,104.913636363636
2018-01,furniture_mattress_and_upholstery,9,860.5,409.9,95.6111111111111
2018-01,garden_tools,240,27037.94,5781.89,112.658083333333
2018-01,health_beauty,628,72470.49,10745.37,115.398869426752
2018-01,home_appliances,28,1795.05,399.88,64.1089285714286
2018-01,home_appliances_2,13,8630.1,479.47,663.853846153846
2018-01,home_confort,18,3020.16,415.45,167.786666666667
2018-01,home_construction,42,5827.58,930.46,138.751904761905
2018-01,housewares,359,38078.31,7888.42,106.067715877437
2018-01,industry_commerce_and_business,19,3662.0,805.45,192.736842105263
2018-01,kitchen_dining_laundry_garden_furniture,21,4838.5,1110.72,230.404761904762
2018-01,la_cuisine,1,112.0,18.03,112.0
2018-01,luggage_accessories,128,18738.22,3339.46,146.39234375
2018-01,market_place,14,818.72,228.04,58.48
2018-01,music,1,24.97,15.1,24.97
2018-01,musical_instruments,53,15405.58,1339.74,290.671320754717
2018-01,office_furniture,145,20113.41,5619.14,138.713172413793
2018-01,party_supplies,2,135.8,34.46,67.9
2018-01,perfumery,229,20036.89,3347.58,87.4973362445415
2018-01,pet_shop,90,10885.96,1801.65,120.955111111111
2018-01,signaling_and_security,8,1048.79,247.18,131.09875
2018-01,small_appliances,55,15450.76,1391.01,280.922909090909
2018-01,small_appliances_home_oven_and_coffee,1,369.99,15.14,369.99
2018-01,sports_leisure,654,91574.33,13377.27,140.021911314985
2018-01,stationery,397,41023.91,7009.88,103.334785894207
2018-01,tablets_printing_image,3,161.8,24.97,53.9333333333333
2018-01,telephony,372,14879.96,5627.82,39.9998924731183
2018-01,toys,165,21948.23,2893.15,133.019575757576
2018-01,unknown,208,22489.45,3137.62,108.122355769231
2018-01,watches_gifts,370,75621.24,5898.65,204.38172972973
2018-02,agro_industry_and_commerce,27,7404.8,654.83,274.251851851852
2018-02,air_conditioning,12,2626.89,265.78,218.9075
2018-02,art,13,1251.71,309.12,96.2853846153846
2018-02,audio,15,2828.49,210.09,188.566
2018-02,auto,319,41706.89,6391.42,130.742601880878
2018-02,baby,176,25985.82,3576.85,147.646704545455
2018-02,bed_bath_table,690,60690.88,11323.5,87.9577971014493
2018-02,books_general_interest,29,1912.65,552.69,65.9534482758621
2018-02,books_imported,3,325.0,26.54,108.333333333333
2018-02,books_technical,26,1411.21,356.5,54.2773076923077
2018-02,christmas_supplies,24,2059.65,611.7,85.81875
2018-02,cine_photo,2,227.99,44.13,113.995
2018-02,computers_accessories,981,100855.23,17273.44,102.808593272171
2018-02,consoles_games,52,11978.73,1037.1,230.360192307692
2018-02,construction_tools_construction,69,9003.97,1141.29,130.49231884058
2018-02,construction_tools_lights,17,1610.8,356.67,94.7529411764706
2018-02,construction_tools_safety,8,5965.75,186.56,745.71875
2018-02,cool_stuff,187,31002.21,3698.14,165.787219251337
2018-02,costruction_tools_garden,20,1538.25,341.85,76.9125
2018-02,costruction_tools_tools,12,1318.2,221.62,109.85
2018-02,diapers_and_hygiene,4,100.0,50.76,25.0
2018-02,drinks,32,1967.44,451.84,61.4825
2018-02,dvds_blu_ray,1,24.9,17.63,24.9
2018-02,electronics,332,14780.6,5315.14,44.5198795180723
2018-02,fashio_female_clothing,1,29.99,15.1,29.99
2018-02,fashion_bags_accessories,107,9786.63,1709.92,91.4638317757009
2018-02,fashion_male_clothing,3,388.09,58.77,129.363333333333
2018-02,fashion_shoes,11,1033.7,217.82,93.9727272727273
2018-02,fashion_underwear_beach,7,399.3,105.99,57.0428571428571
2018-02,fixed_telephony,12,6138.67,203.15,511.555833333333
2018-02,flowers,4,134.48,53.22,33.62
2018-02,food,39,1933.42,503.77,49.5748717948718
2018-02,food_drink,24,1059.1,328.24,44.1291666666667
2018-02,furniture_bedroom,8,1094.8,300.3,136.85
2018-02,furniture_decor,434,38646.52,8239.97,89.0472811059908
2018-02,furniture_living_room,26,4402.78,1559.3,169.337692307692
2018-02,furniture_mattress_and_upholstery,6,389.4,302.08,64.9
2018-02,garden_tools,296,26838.03,6860.7,90.6690202702703
2018-02,health_beauty,668,86996.06,11165.08,130.233622754491
2018-02,home_appliances,49,5583.74,829.47,113.95387755102
2018-02,home_appliances_2,21,8998.83,987.91,428.515714285714
2018-02,home_comfort_2,3,38.7,45.3,12.9
2018-02,home_confort,21,3012.76,385.11,143.464761904762
2018-02,home_construction,39,5303.9,752.28,135.997435897436
2018-02,housewares,400,35448.56,8678.82,88.6214
2018-02,industry_commerce_and_business,37,4735.59,785.91,127.988918918919
2018-02,kitchen_dining_laundry_garden_furniture,20,4750.16,948.98,237.508
2018-02,luggage_accessories,47,6604.35,1179.59,140.518085106383
2018-02,market_place,28,1920.92,445.42,68.6042857142857
2018-02,music,2,244.97,32.27,122.485
2018-02,musical_instruments,44,9015.73,1048.65,204.902954545455
2018-02,office_furniture,109,17774.78,4236.26,163.071376146789
2018-02,perfumery,215,20632.7,2945.24,95.9660465116279
2018-02,pet_shop,102,9595.03,2145.73,94.0689215686275
2018-02,signaling_and_security,15,715.79,271.88,47.7193333333333
2018-02,small_appliances,32,5245.16,667.58,163.91125
2018-02,small_appliances_home_oven_and_coffee,5,3024.9,188.74,604.98
2018-02,sports_leisure,651,75863.95,12092.69,116.534485407066
2018-02,stationery,159,11889.1,2592.89,74.774213836478
2018-02,tablets_printing_image,13,694.97,171.52,53.4592307692308
2018-02,telephony,359,14105.24,4886.19,39.2903621169916
2018-02,toys,146,14778.93,2275.29,101.225547945205
2018-02,unknown,121,12888.74,2036.96,106.518512396694
2018-02,watches_gifts,337,63462.18,6060.97,188.315074183976
2018-03,agro_industry_and_commerce,28,6019.0,548.09,214.964285714286
2018-03,air_conditioning,25,2667.58,541.29,106.7032
2018-03,art,7,461.5,120.16,65.9285714285714
2018-03,audio,34,10606.69,657.68,311.961470588235
2018-03,auto,344,44753.24,8059.51,130.096627906977
2018-03,baby,224,41985.74,5178.2,187.436339285714
2018-03,bed_bath_table,798,69256.39,14850.86,86.7874561403509
2018-03,books_general_interest,39,1711.93,576.73,43.895641025641
2018-03,books_imported,3,259.0,25.69,86.3333333333333
2018-03,books_technical,17,913.47,319.0,53.7335294117647
2018-03,christmas_supplies,12,854.95,339.34,71.2458333333333
2018-03,cine_photo,7,711.79,134.75,101.684285714286
2018-03,computers_accessories,758,85673.53,14987.78,113.025765171504
2018-03,consoles_games,58,11858.72,1219.34,204.460689655172
2018-03,construction_tools_construction,71,10549.38,1694.83,148.582816901408
2018-03,construction_tools_lights,13,2536.7,601.45,195.130769230769
2018-03,construction_tools_safety,22,5374.87,414.91,244.312272727273
2018-03,cool_stuff,256,38353.22,5559.84,149.817265625
2018-03,costruction_tools_garden,23,2497.23,474.14,108.575217391304
2018-03,costruction_tools_tools,9,931.3,223.47,103.477777777778
2018-03,diapers_and_hygiene,6,163.0,85.61,27.1666666666667
2018-03,drinks,21,962.7,305.82,45.8428571428571
2018-03,dvds_blu_ray,2,49.8,39.91,24.9
2018-03,electronics,261,12554.8,4396.32,48.1026819923372
2018-03,fashio_female_clothing,4,119.96,34.56,29.99
2018-03,fashion_bags_accessories,139,10261.58,2504.26,73.8243165467626
2018-03,fashion_childrens_clothes,2,79.98,16.58,39.99
2018-03,fashion_shoes,12,1252.8,272.42,104.4
2018-03,fashion_sport,1,89.9,7.49,89.9
2018-03,fashion_underwear_beach,5,289.4,79.01,57.88
2018-03,fixed_telephony,14,1930.59,270.25,137.899285714286
2018-03,flowers,3,89.67,46.74,29.89
2018-03,food,35,1559.9,508.69,44.5685714285714
2018-03,food_drink,19,2350.77,272.73,123.724736842105
2018-03,furniture_bedroom,6,1071.8,193.89,178.633333333333
2018-03,furniture_decor,595,52244.04,13603.62,87.8051092436975
2018-03,furniture_living_room,19,3521.87,757.93,185.361578947368
2018-03,furniture_mattress_and_upholstery,4,440.0,144.93,110.0
2018-03,garden_tools,262,27612.25,6482.19,105.390267175573
2018-03,health_beauty,673,90034.41,12956.8,133.780698365527
2018-03,home_appliances,70,9876.59,1473.67,141.094142857143
2018-03,home_appliances_2,12,5648.2,437.79,470.683333333333
2018-03,home_comfort_2,1,34.99,9.34,34.99
2018-03,home_confort,21,2522.38,538.24,120.113333333333
2018-03,home_construction,44,5639.51,1127.38,128.170681818182
2018-03,housewares,407,37514.44,9132.44,92.1730712530713
2018-03,industry_commerce_and_business,29,2922.45,685.38,100.774137931034
2018-03,kitchen_dining_laundry_garden_furniture,12,2842.66,759.36,236.888333333333
2018-03,la_cuisine,1,389.0,37.7,389.0
2018-03,luggage_accessories,57,5911.77,1495.08,103.715263157895
2018-03,market_place,17,1548.74,306.45,91.1023529411765
2018-03,music,2,323.97,38.39,161.985
2018-03,musical_instruments,55,10822.2,1303.57,196.767272727273
2018-03,office_furniture,202,31301.62,8420.96,154.958514851485
2018-03,party_supplies,6,913.9,156.39,152.316666666667
2018-03,perfumery,202,20473.25,3340.86,101.352722772277
2018-03,pet_shop,124,13643.69,2701.55,110.029758064516
2018-03,signaling_and_security,9,921.9,157.66,102.433333333333
2018-03,small_appliances,37,14260.15,774.76,385.409459459459
2018-03,small_appliances_home_oven_and_coffee,7,7890.9,329.58,1127.27142857143
2018-03,sports_leisure,761,85292.17,14991.22,112.079067017083
2018-03,stationery,164,13152.74,2898.39,80.1996341463415
2018-03,tablets_printing_image,3,259.29,28.0,86.43
2018-03,telephony,344,25804.89,5466.87,75.0142151162791
2018-03,toys,234,23407.4,4311.3,100.031623931624
2018-03,unknown,135,17378.11,2648.63,128.726740740741
2018-03,watches_gifts,430,97861.08,8835.61,227.583906976744
2018-04,agro_industry_and_commerce,12,4500.7,282.96,375.058333333333
2018-04,air_conditioning,23,3261.79,659.33,141.816956521739
2018-04,art,26,2140.28,482.76,82.3184615384615
2018-04,arts_and_craftmanship,1,15.99,18.23,15.99
2018-04,audio,31,7045.07,526.39,227.260322580645
2018-04,auto,356,49629.19,7443.37,139.407837078652
2018-04,baby,244,49821.84,6992.57,204.187868852459
2018-04,bed_bath_table,746,72357.25,14374.15,96.9936327077748
2018-04,books_general_interest,50,6295.51,913.64,125.9102
2018-04,books_imported,4,317.99,34.38,79.4975
2018-04,books_technical,23,1172.1,404.36,50.9608695652174
2018-04,cds_dvds_musicals,1,65.0,52.58,65.0
2018-04,christmas_supplies,12,275.15,243.43,22.9291666666667
2018-04,cine_photo,5,521.74,99.39,104.348
2018-04,computers,15,13774.92,796.69,918.328
2018-04,computers_accessories,544,59651.2,10199.3,109.652941176471
2018-04,consoles_games,48,7239.4,871.1,150.820833333333
2018-04,construction_tools_construction,92,13293.83,2282.93,144.498152173913
2018-04,construction_tools_lights,47,4962.67,864.83,105.588723404255
2018-04,construction_tools_safety,24,2887.26,540.71,120.3025
2018-04,cool_stuff,207,35202.4,4998.3,170.059903381643
2018-04,costruction_tools_garden,18,1326.79,450.48,73.7105555555556
2018-04,costruction_tools_tools,17,1332.99,318.93,78.4111764705882
2018-04,diapers_and_hygiene,4,149.0,51.57,37.25
2018-04,drinks,54,5016.44,897.78,92.8970370370371
2018-04,dvds_blu_ray,5,92.5,175.17,18.5
2018-04,electronics,214,11022.43,3728.12,51.5066822429907
2018-04,fashio_female_clothing,5,174.95,43.2,34.99
2018-04,fashion_bags_accessories,107,9030.85,1914.49,84.4004672897196
2018-04,fashion_male_clothing,1,195.0,39.42,195.0
2018-04,fashion_shoes,11,1438.7,279.27,130.790909090909
2018-04,fashion_sport,1,89.9,15.51,89.9
2018-04,fashion_underwear_beach,6,359.4,80.78,59.9
2018-04,fixed_telephony,11,1921.94,205.74,174.721818181818
2018-04,flowers,3,158.4,36.09,52.8
2018-04,food,40,1665.43,554.56,41.63575
2018-04,food_drink,18,605.07,279.96,33.615
2018-04,furniture_bedroom,8,1470.9,378.32,183.8625
2018-04,furniture_decor,594,56793.01,11658.24,95.611127946128
2018-04,furniture_living_room,34,5133.73,1086.23,150.992058823529
2018-04,garden_tools,288,35037.64,5661.29,121.658472222222
2018-04,health_beauty,694,91751.04,13446.92,132.206109510086
2018-04,home_appliances,106,15124.25,2258.37,142.681603773585
2018-04,home_appliances_2,23,20741.69,1217.35,901.812608695652
2018-04,home_comfort_2,1,12.9,5.86,12.9
2018-04,home_confort,18,1939.4,334.86,107.744444444444
2018-04,home_construction,76,9318.5,1454.24,122.611842105263
2018-04,housewares,471,45405.96,10357.98,96.4033121019108
2018-04,industry_commerce_and_business,53,5690.61,1191.61,107.37
2018-04,kitchen_dining_laundry_garden_furniture,20,3165.47,1122.72,158.2735
2018-04,la_cuisine,2,280.0,54.12,140.0
2018-04,luggage_accessories,57,8680.48,1591.59,152.289122807018
2018-04,market_place,15,627.23,217.6,41.8153333333333
2018-04,music,5,1696.86,145.2,339.372
2018-04,musical_instruments,60,19375.31,1801.06,322.921833333333
2018-04,office_furniture,133,20194.72,6300.08,151.84
2018-04,party_supplies,2,43.8,36.46,21.9
2018-04,perfumery,175,17790.31,2713.93,101.658914285714
2018-04,pet_shop,170,18778.3,3605.02,110.460588235294
2018-04,signaling_and_security,36,2222.3,728.98,61.7305555555556
2018-04,small_appliances,67,12211.41,1243.5,182.259850746269
2018-04,small_appliances_home_oven_and_coffee,15,13980.98,788.2,932.065333333333
2018-04,sports_leisure,600,67528.08,11408.07,112.5468
2018-04,stationery,155,11701.35,2606.92,75.4925806451613
2018-04,tablets_printing_image,1,52.0,18.24,52.0
2018-04,telephony,284,16636.84,4193.03,58.5804225352113
2018-04,toys,205,23352.38,4237.66,113.914048780488
2018-04,unknown,76,8240.66,1375.75,108.429736842105
2018-04,watches_gifts,505,92658.57,7658.42,183.482316831683
2018-05,agro_industry_and_commerce,8,3279.75,153.47,409.96875
2018-05,air_conditioning,15,2051.2,399.53,136.746666666667
2018-05,art,36,2691.86,565.22,74.7738888888889
2018-05,arts_and_craftmanship,1,89.8,11.25,89.8
2018-05,audio,21,2697.68,346.86,128.460952380952
2018-05,auto,311,40928.14,7292.91,131.601736334405
2018-05,baby,245,34003.6,5501.24,138.790204081633
2018-05,bed_bath_table,747,71702.77,13470.76,95.9876439089692
2018-05,books_general_interest,53,6019.03,913.48,113.566603773585
2018-05,books_imported,10,410.92,114.79,41.092
2018-05,books_technical,56,3055.48,868.1,54.5621428571429
2018-05,christmas_supplies,6,524.53,148.21,87.4216666666667
2018-05,cine_photo,18,2277.29,293.59,126.516111111111
2018-05,computers,14,9429.92,514.69,673.565714285714
2018-05,computers_accessories,464,51515.73,8539.98,111.025280172414
2018-05,consoles_games,54,5664.07,1007.14,104.890185185185
2018-05,construction_tools_construction,125,20748.6,2831.74,165.9888
2018-05,construction_tools_lights,41,5477.81,843.56,133.60512195122
2018-05,construction_tools_safety,29,7298.51,603.6,251.67275862069
2018-05,cool_stuff,176,30039.11,3893.65,170.676761363636
2018-05,costruction_tools_garden,16,1073.28,330.57,67.08
2018-05,costruction_tools_tools,5,417.9,88.36,83.58
2018-05,diapers_and_hygiene,3,117.0,42.65,39.0
2018-05,drinks,48,2790.98,772.85,58.1454166666667
2018-05,dvds_blu_ray,7,439.94,120.22,62.8485714285714
2018-05,electronics,235,16989.29,4098.43,72.2948510638298
2018-05,fashion_bags_accessories,111,11519.16,1673.11,103.776216216216
2018-05,fashion_male_clothing,1,129.99,19.88,129.99
2018-05,fashion_shoes,10,1582.7,205.87,158.27
2018-05,fashion_underwear_beach,6,207.4,93.06,34.5666666666667
2018-05,fixed_telephony,17,1946.1,276.15,114.476470588235
2018-05,flowers,1,16.4,19.32,16.4
2018-05,food,44,1542.93,536.55,35.0665909090909
2018-05,food_drink,25,1239.44,435.3,49.5776
2018-05,furniture_bedroom,6,1484.98,331.93,247.496666666667
2018-05,furniture_decor,605,54260.98,11463.66,89.6875702479339
2018-05,furniture_living_room,16,2721.08,669.02,170.0675
2018-05,garden_tools,291,37863.18,5256.11,130.114020618557
2018-05,health_beauty,770,96460.36,14016.79,125.273194805195
2018-05,home_appliances,64,6149.67,1230.74,96.08859375
2018-05,home_appliances_2,23,14441.24,1156.59,627.88
2018-05,home_confort,22,2776.6,407.77,126.209090909091
2018-05,home_construction,79,10155.28,1300.75,128.547848101266
2018-05,housewares,619,63003.57,13450.01,101.782827140549
2018-05,industry_commerce_and_business,41,3890.99,1090.98,94.9021951219512
2018-05,kitchen_dining_laundry_garden_furniture,13,2310.09,551.19,177.699230769231
2018-05,luggage_accessories,49,6618.46,1627.03,135.070612244898
2018-05,market_place,14,957.45,229.34,68.3892857142857
2018-05,music,5,729.0,98.4,145.8
2018-05,musical_instruments,61,18757.07,1779.97,307.492950819672
2018-05,office_furniture,105,21005.86,4349.14,200.05580952381
2018-05,party_supplies,4,100.7,69.74,25.175
2018-05,perfumery,198,24757.7,3157.52,125.038888888889
2018-05,pet_shop,136,11708.46,2375.61,86.0916176470588
2018-05,signaling_and_security,7,683.5,179.49,97.6428571428571
2018-05,small_appliances,48,10620.99,886.34,221.270625
2018-05,small_appliances_home_oven_and_coffee,9,10161.6,312.94,1129.06666666667
2018-05,sports_leisure,492,59664.11,9177.43,121.268516260163
2018-05,stationery,130,12923.39,2448.92,99.4106923076923
2018-05,tablets_printing_image,1,49.9,8.29,49.9
2018-05,telephony,256,21608.26,4228.07,84.407265625
2018-05,toys,221,31767.3,4658.16,143.743438914027
2018-05,unknown,45,5094.94,980.83,113.220888888889
2018-05,watches_gifts,636,123872.66,8745.29,194.768333333333
2018-06,agro_industry_and_commerce,10,3515.8,327.25,351.58
2018-06,air_conditioning,15,3567.9,525.04,237.86
2018-06,art,28,2500.14,519.04,89.2907142857143
2018-06,audio,20,1830.69,397.7,91.5345
2018-06,auto,300,45407.49,7039.02,151.3583
2018-06,baby,225,30755.12,6283.03,136.689422222222
2018-06,bed_bath_table,773,71565.48,16459.26,92.5814747736093
2018-06,books_general_interest,39,3345.39,613.23,85.7792307692308
2018-06,books_imported,9,468.17,137.99,52.0188888888889
2018-06,books_technical,26,1747.43,437.16,67.2088461538462
2018-06,christmas_supplies,7,306.19,170.52,43.7414285714286
2018-06,cine_photo,13,435.85,173.51,33.5269230769231
2018-06,computers,13,13127.0,740.87,1009.76923076923
2018-06,computers_accessories,408,42326.45,8811.53,103.741299019608
2018-06,consoles_games,43,6903.01,739.02,160.53511627907
2018-06,construction_tools_construction,113,22947.72,2424.73,203.077168141593
2018-06,construction_tools_lights,44,4583.41,955.18,104.168409090909
2018-06,construction_tools_safety,16,2565.37,407.51,160.335625
2018-06,cool_stuff,103,19316.37,2709.67,187.537572815534
2018-06,costruction_tools_garden,11,799.44,268.16,72.6763636363636
2018-06,costruction_tools_tools,4,527.0,96.81,131.75
2018-06,diapers_and_hygiene,7,321.0,106.7,45.8571428571429
2018-06,drinks,33,1567.07,486.33,47.4869696969697
2018-06,dvds_blu_ray,6,382.88,122.15,63.8133333333333
2018-06,electronics,191,9664.57,3281.51,50.5998429319372
2018-06,fashion_bags_accessories,87,7869.95,1518.41,90.4591954022988
2018-06,fashion_childrens_clothes,1,89.99,7.49,89.99
2018-06,fashion_male_clothing,7,447.8,106.63,63.9714285714286
2018-06,fashion_shoes,10,1230.58,219.6,123.058
2018-06,fashion_underwear_beach,7,129.3,107.46,18.4714285714286
2018-06,fixed_telephony,17,2080.32,342.2,122.371764705882
2018-06,flowers,2,108.0,32.7,54.0
2018-06,food,24,1371.18,322.41,57.1325
2018-06,food_drink,11,293.85,218.96,26.7136363636364
2018-06,furniture_bedroom,9,1559.99,381.83,173.332222222222
2018-06,furniture_decor,405,42190.22,10338.7,104.173382716049
2018-06,furniture_living_room,29,3541.62,988.03,122.124827586207
2018-06,garden_tools,185,18018.71,5107.32,97.3984324324324
2018-06,health_beauty,885,107908.82,17288.93,121.930870056497
2018-06,home_appliances,67,5916.37,1346.91,88.3040298507463
2018-06,home_appliances_2,19,8312.72,799.82,437.511578947368
2018-06,home_comfort_2,2,25.8,25.58,12.9
2018-06,home_confort,16,2386.49,315.45,149.155625
2018-06,home_construction,71,9094.59,1842.14,128.092816901408
2018-06,housewares,584,56825.45,13586.38,97.303852739726
2018-06,industry_commerce_and_business,26,2609.9,924.02,100.380769230769
2018-06,kitchen_dining_laundry_garden_furniture,30,3667.43,1074.77,122.247666666667
2018-06,luggage_accessories,36,5070.88,1067.84,140.857777777778
2018-06,market_place,7,556.46,122.33,79.4942857142857
2018-06,music,3,109.08,60.48,36.36
2018-06,musical_instruments,47,16177.92,1792.84,344.211063829787
2018-06,office_furniture,77,12725.58,3928.99,165.267272727273
2018-06,party_supplies,2,84.8,27.58,42.4
2018-06,perfumery,189,27335.86,3665.73,144.63417989418
2018-06,pet_shop,178,19491.78,3929.59,109.504382022472
2018-06,signaling_and_security,27,5863.18,1077.58,217.154814814815
2018-06,small_appliances,50,16022.7,1167.38,320.454
2018-06,small_appliances_home_oven_and_coffee,3,3499.0,173.13,1166.33333333333
2018-06,sports_leisure,426,45851.01,8974.24,107.631478873239
2018-06,stationery,167,12859.08,3166.97,77.0004790419162
2018-06,tablets_printing_image,1,50.0,22.85,50.0
2018-06,telephony,219,22776.82,3785.9,104.003744292237
2018-06,toys,191,21221.45,4072.2,111.107068062827
2018-06,unknown,23,2387.13,418.57,103.788260869565
2018-06,watches_gifts,481,86885.56,8969.94,180.63525987526
2018-07,agro_industry_and_commerce,30,7756.69,978.59,258.556333333333
2018-07,air_conditioning,17,2657.86,479.59,156.344705882353
2018-07,art,21,1843.2,422.53,87.7714285714286
2018-07,arts_and_craftmanship,11,654.57,150.03,59.5063636363636
2018-07,audio,22,2062.64,346.36,93.7563636363636
2018-07,auto,344,43830.29,7357.49,127.41363372093
2018-07,baby,222,22185.96,5192.22,99.9367567567568
2018-07,bed_bath_table,624,55082.82,13625.56,88.27375
2018-07,books_general_interest,25,4077.45,418.71,163.098
2018-07,books_imported,8,402.78,113.83,50.3475
2018-07,books_technical,28,2106.81,498.6,75.2432142857143
2018-07,christmas_supplies,8,509.56,152.1,63.695
2018-07,cine_photo,7,1178.54,113.07,168.362857142857
2018-07,computers,8,11239.0,708.48,1404.875
2018-07,computers_accessories,427,41902.79,8615.46,98.1329976580796
2018-07,consoles_games,49,8519.11,1020.03,173.859387755102
2018-07,construction_tools_construction,115,15237.47,2352.48,132.499739130435
2018-07,construction_tools_lights,55,7249.61,1381.79,131.811090909091
2018-07,construction_tools_safety,15,1888.95,253.95,125.93
2018-07,cool_stuff,121,30551.61,3727.37,252.492644628099
2018-07,costruction_tools_garden,25,1956.47,635.8,78.2588
2018-07,costruction_tools_tools,12,5501.2,278.25,458.433333333333
2018-07,diapers_and_hygiene,4,149.8,88.11,37.45
2018-07,drinks,17,1335.17,298.03,78.5394117647059
2018-07,dvds_blu_ray,1,83.99,12.89,83.99
2018-07,electronics,159,11150.75,2661.57,70.1305031446541
2018-07,fashion_bags_accessories,77,6161.87,1256.25,80.0242857142857
2018-07,fashion_male_clothing,5,208.7,86.98,41.74
2018-07,fashion_shoes,5,820.19,165.25,164.038
2018-07,fashion_underwear_beach,2,109.8,31.53,54.9
2018-07,fixed_telephony,11,9319.39,338.79,847.217272727273
2018-07,flowers,2,47.99,35.37,23.995
2018-07,food,64,3378.17,1023.25,52.78390625
2018-07,food_drink,18,813.73,351.24,45.2072222222222
2018-07,furniture_bedroom,10,1386.9,451.87,138.69
2018-07,furniture_decor,440,45715.49,11690.77,103.898840909091
2018-07,furniture_living_room,55,6779.63,2060.68,123.266
2018-07,furniture_mattress_and_upholstery,1,129.9,11.93,129.9
2018-07,garden_tools,179,26173.78,4949.13,146.222234636871
2018-07,health_beauty,784,105813.03,16930.95,134.965599489796
2018-07,home_appliances,79,5290.63,1251.05,66.97
2018-07,home_appliances_2,23,12597.32,1174.85,547.709565217391
2018-07,home_comfort_2,3,38.7,46.74,12.9
2018-07,home_confort,24,2984.38,575.88,124.349166666667
2018-07,home_construction,61,6780.15,1518.02,111.15
2018-07,housewares,577,63409.14,14558.59,109.89452339688
2018-07,industry_commerce_and_business,14,4697.21,896.69,335.515
2018-07,kitchen_dining_laundry_garden_furniture,23,3875.95,1010.77,168.519565217391
2018-07,luggage_accessories,54,5821.72,1371.37,107.80962962963
2018-07,market_place,4,186.78,90.56,46.695
2018-07,music,3,849.3,43.98,283.1
2018-07,musical_instruments,37,9541.8,1609.42,257.886486486486
2018-07,office_furniture,82,13775.27,3613.25,167.991097560976
2018-07,party_supplies,2,57.5,26.86,28.75
2018-07,perfumery,205,22417.77,3286.67,109.354975609756
2018-07,pet_shop,160,19583.74,3774.65,122.398375
2018-07,signaling_and_security,29,3785.19,2351.0,130.523793103448
2018-07,small_appliances,43,8711.25,1071.19,202.587209302326
2018-07,small_appliances_home_oven_and_coffee,15,4699.67,471.69,313.311333333333
2018-07,sports_leisure,468,55292.68,10537.34,118.146752136752
2018-07,stationery,191,17247.09,4242.61,90.2989005235602
2018-07,telephony,225,26939.41,4031.93,119.730711111111
2018-07,toys,156,17277.29,3359.06,110.751858974359
2018-07,unknown,58,5461.03,1187.63,94.1556896551724
2018-07,watches_gifts,528,96212.59,9852.13,182.220814393939
2018-08,agro_industry_and_commerce,18,5021.09,522.65,278.949444444444
2018-08,air_conditioning,21,3556.9,450.92,169.37619047619
2018-08,art,18,1481.39,294.51,82.2994444444444
2018-08,arts_and_craftmanship,9,901.76,167.29,100.195555555556
2018-08,audio,26,2069.4,399.7,79.5923076923077
2018-08,auto,377,45380.89,7694.19,120.373713527851
2018-08,baby,217,22004.15,4767.16,101.401612903226
2018-08,bed_bath_table,658,61035.88,14171.95,92.7596960486322
2018-08,books_general_interest,36,1564.78,512.21,43.4661111111111
2018-08,books_imported,1,749.0,55.96,749.0
2018-08,books_technical,29,1483.79,377.59,51.1651724137931
2018-08,christmas_supplies,11,564.37,214.34,51.3063636363636
2018-08,cine_photo,10,685.28,133.01,68.528
2018-08,computers,12,8711.5,516.75,725.958333333333
2018-08,computers_accessories,419,40293.93,7896.46,96.1668973747017
2018-08,consoles_games,62,4824.49,1003.75,77.8143548387097
2018-08,construction_tools_construction,162,22917.16,3007.89,141.463950617284
2018-08,construction_tools_lights,62,8212.53,1676.06,132.460161290323
2018-08,construction_tools_safety,26,4070.12,526.47,156.543076923077
2018-08,cool_stuff,123,16354.58,2737.06,132.96406504065
2018-08,costruction_tools_garden,23,3688.76,605.73,160.380869565217
2018-08,costruction_tools_tools,14,1255.77,241.27,89.6978571428571
2018-08,diapers_and_hygiene,3,231.89,45.04,77.2966666666667
2018-08,drinks,30,1477.23,440.79,49.241
2018-08,dvds_blu_ray,1,8.9,7.39,8.9
2018-08,electronics,120,10769.47,2197.9,89.7455833333333
2018-08,fashio_female_clothing,3,129.97,39.16,43.3233333333333
2018-08,fashion_bags_accessories,127,8177.43,1858.32,64.3892125984252
2018-08,fashion_male_clothing,3,381.69,85.29,127.23
2018-08,fashion_shoes,3,471.3,105.91,157.1
2018-08,fashion_sport,1,69.9,13.15,69.9
2018-08,fashion_underwear_beach,2,219.9,26.86,109.95
2018-08,fixed_telephony,10,2724.17,166.85,272.417
2018-08,food,116,8256.18,1420.24,71.1739655172414
2018-08,food_drink,21,1028.61,311.78,48.9814285714286
2018-08,furniture_bedroom,12,2197.0,622.88,183.083333333333
2018-08,furniture_decor,433,41380.15,10596.5,95.5661662817552
2018-08,furniture_living_room,40,5223.34,1466.95,130.5835
2018-08,garden_tools,138,16432.34,3955.82,119.074927536232
2018-08,health_beauty,849,120803.94,16402.13,142.289681978799
2018-08,home_appliances,65,6584.4,1349.45,101.298461538462
2018-08,home_appliances_2,15,9882.76,784.96,658.850666666667
2018-08,home_confort,16,2241.28,330.6,140.08
2018-08,home_construction,49,7016.16,1296.83,143.18693877551
2018-08,housewares,629,60202.67,14036.22,95.7117170111288
2018-08,industry_commerce_and_business,10,2364.69,379.36,236.469
2018-08,kitchen_dining_laundry_garden_furniture,21,2156.47,599.55,102.689047619048
2018-08,luggage_accessories,66,6847.91,1408.9,103.756212121212
2018-08,market_place,8,949.27,158.7,118.65875
2018-08,music,6,497.81,84.8,82.9683333333333
2018-08,musical_instruments,41,10519.34,1186.11,256.569268292683
2018-08,office_furniture,30,6758.87,1627.8,225.295666666667
2018-08,party_supplies,14,1285.29,305.13,91.8064285714286
2018-08,perfumery,223,25017.69,3642.84,112.186950672646
2018-08,pet_shop,199,24857.07,3927.11,124.909899497487
2018-08,signaling_and_security,22,1825.59,333.08,82.9813636363636
2018-08,small_appliances,25,6759.06,726.94,270.3624
2018-08,small_appliances_home_oven_and_coffee,17,2996.72,394.41,176.277647058824
2018-08,sports_leisure,475,51500.16,8874.59,108.421389473684
2018-08,stationery,170,15563.65,3416.96,91.5508823529412
2018-08,telephony,277,37541.89,4939.01,135.530288808664
2018-08,toys,170,17753.05,3321.22,104.429705882353
2018-08,unknown,38,4476.54,646.89,117.803684210526
2018-08,watches_gifts,416,72277.06,7114.8,173.742932692308
2018-09,kitchen_dining_laundry_garden_furniture,1,145.0,21.46,145.0
